Beras Medium,Ikan Teri Asin,Bawang Putih Impor Honan,Bawang Putih Impor Kating,Minyak Goreng Bimoli Botol,Bawang Merah (Medium),Cabai Rawit Hijau,Minyak Goreng Curah,Cabai Rawit Merah,Cabai Merah Besar,Daging Sapi Lokal Paha Belakang,Cabai Merah Keriting,Indomie Rasa Kari Ayam,Kacang Kedelai Lokal,Daging Sapi Lokal Daging Has Luar (Sirloin),Gula Pasir,Kacang Kedelai Eks Impor,Daging Sapi Lokal Daging Sandung Lamur (Brisket),Garam Beryodium Halus,Garam Beryodium Bata,Daging Sapi Lokal Daging Tetelan,Jagung Pipilan Kecil,Susu Bubuk Kaleng Merk Indomilk,Susu Bubuk Kaleng Merk Bendera,Daging Sapi Impor Beku,Susu Kental Manis Kaleng Merk Indomilk,Susu Kental Manis Kaleng Merk Bendera,Daging Sapi Lokal Has Dalam,Telur Ayam Kampung,Telur Ayam Ras,Ayam Boiler,Tepung Terigu Segitiga Biru,Ikan Kembung,Ayam Kampung,Kacang Hijau,Ketela Pohon,Beras Premium,Kacang Tanah,,
10863,105000,25000,26400,13340,23700,46400,12550,46160,47500,120000,43000,2380,10767,118333,13940,12000,95000,10060,3580,71667,16100,42500,44333,89150,10060,11800,145833,2150,23050,36900,9860,37540,81100,21440,5000,13013,24340,2/1/2018,
10863,105000,25000,26400,13340,23700,46800,12550,46160,47500,119000,43000,2380,10767,118333,14140,12000,95000,10060,3580,75000,16100,42500,44333,89150,10060,11800,142500,2150,23050,36900,9860,37540,82767,21440,5000,13013,24340,2/2/2018,
10890,104340,25000,26200,13200,22560,44340,12550,46500,45500,120000,42060,2400,10767,120000,13860,11925,95000,9940,4000,75000,15900,42267,44233,90000,9960,11760,142500,2170,22550,36840,9740,39000,82767,21560,4860,13263,24400,2/5/2018,
11170,104160,25000,27000,13460,23560,42640,12500,44300,44840,119000,41860,2400,11233,118333,14200,12175,95000,9240,3620,76667,15767,42567,44100,88350,10140,11760,145000,2210,22640,36040,9960,38640,81100,22000,4940,13350,24600,2/6/2018,
11040,111000,26000,26700,13540,24600,41300,12675,45260,47000,119500,43000,2380,11000,117500,14140,12250,87667,12860,3900,67667,15900,42500,44333,89150,10340,11900,145000,2260,22500,37900,10060,39160,82300,22540,5000,13138,24640,2/7/2018,
11000,111000,27500,30060,13310,27800,42140,12250,46740,51340,121340,44660,2380,11233,120000,13640,13000,101667,11300,3680,73333,15900,41933,44000,89150,10060,12000,145000,2360,22800,35140,10350,37840,84175,22440,5160,13750,25600,2/8/2018,
11380,106340,25000,31540,13160,27200,39660,12050,46460,51340,120000,44300,2380,11233,120000,14000,11925,91667,9940,4420,63333,15767,42267,44233,75000,10060,11810,143333,2200,22340,35900,9940,40000,84433,22300,4940,13675,24300,2/9/2018,
11270,110000,27500,30700,13460,27740,41140,12450,46940,46400,121000,41360,2400,11567,123333,13950,13550,91667,10640,3620,60000,15767,42567,44100,88350,10140,12460,148333,2200,22760,37200,9760,39840,82500,22900,5140,13438,25100,2/12/2018,
11180,104660,27500,32140,13410,28540,41340,12363,48060,47000,119000,45600,2400,11233,120000,13640,12300,90000,10500,4260,77500,15900,42833,44567,89150,10140,12460,145000,2250,22500,36460,9500,40160,78325,23000,5000,13700,24940,2/13/2018,
11620,105660,27500,33940,13360,29240,42540,12425,52560,50000,120000,45300,2400,11233,120000,14140,11925,96667,10400,4360,65000,15900,42833,44567,89150,10140,12460,145833,2250,23400,37060,9800,39660,82075,22700,5700,13763,24140,2/14/2018,
11540,112000,27500,35740,13640,32260,45200,12550,51940,53200,120000,47700,2380,11333,118333,14140,12125,89333,10260,3740,76000,15900,42500,44333,89150,10140,12100,143333,2240,23340,37460,10100,39660,84433,23140,5200,13500,24900,2/15/2018,
11640,108000,30000,35240,13440,29360,41700,12363,53940,49700,120000,44700,2380,11333,121667,14140,12250,101667,11260,3680,66667,15900,42500,44333,89150,10140,12500,148333,2210,23440,38460,9800,39660,84433,23040,5600,13563,24400,2/19/2018,
10940,112000,27500,35240,13240,27560,36700,12363,56940,54700,120000,41700,2380,11000,121667,14140,12250,101667,11860,3780,70000,15900,42500,44333,109150,10140,12500,145000,2190,23040,34260,9800,39660,82767,23040,5600,13063,24400,2/20/2018,
10925,110410,27500,37500,13000,28540,39140,12300,57660,54000,121000,45500,2360,10900,121667,13740,11488,100000,10650,3865,70000,15900,42833,44567,107500,10140,12110,144167,2310,22900,34960,10080,39460,77075,21900,5050,13267,24840,2/21/2018,
12425,101960,32500,43300,13388,30640,39140,12300,59060,49000,120000,44000,2360,10900,120000,13740,12175,96667,10900,4260,71667,15900,42833,44567,87500,10140,12660,146667,2370,23100,35060,9940,39160,75825,22000,5100,13267,24140,2/22/2018,
11263,103500,35000,43860,13125,29900,40000,12450,59840,49000,119500,43040,2280,10433,118333,13700,11675,95833,9460,3860,63333,15767,41733,44100,83350,10140,12040,146667,2400,23000,34260,9860,37960,83667,21060,5300,13517,23660,2/23/2018,
11525,107160,37500,42400,13000,30640,41500,12550,58800,53760,118500,45460,2360,10900,117500,13640,12175,81667,13100,4060,56667,15900,42833,44567,75750,10140,12660,145500,2400,23000,33760,9940,40660,81450,21200,5200,13100,25140,2/26/2018,
11900,101460,35000,41700,13388,33340,41000,12425,58800,54260,120000,45860,2360,10900,123333,13740,12175,93333,10300,3960,73333,15900,42833,44567,73250,10140,12660,146667,2320,22900,34560,9940,39660,84433,22100,5000,12933,23440,2/27/2018,
11113,111000,40000,44200,10740,34740,42840,12425,59500,53540,121000,48500,2340,11000,120000,13340,13250,85000,11940,4300,63333,15900,42833,44567,90000,10200,12900,151667,2430,22960,33560,10200,38660,83950,21340,5200,9688,24900,2/28/2018,
11675,106000,32500,40600,13613,30740,43340,12550,58000,52040,120000,47500,2340,11000,118333,13840,12375,91000,11140,3980,79333,15900,42833,44567,90000,10200,12300,143333,2340,22860,37760,10100,40160,66160,22740,4600,13750,24200,3/1/2018,
11075,107000,35000,41600,13425,32240,39340,12175,57000,49540,123000,46000,2340,11000,121667,13940,12875,92667,11040,4080,72667,15900,41500,43233,90000,10200,12300,146667,2340,23360,35560,10300,38660,85825,22840,4900,13083,24400,3/2/2018,
10825,111600,35000,41500,13075,34900,37400,12325,58300,49660,119000,45500,2360,10767,116667,13450,13750,83333,11160,4000,53333,15567,42500,44333,90000,10240,12360,146667,2530,23160,36400,9900,38860,87767,22600,5160,12633,25000,3/5/2018,
10660,110600,32500,39500,13513,30100,39400,12100,63400,49660,122000,45800,2360,11433,125000,13400,12000,76667,10160,4100,66667,15567,42500,44333,90000,10140,12260,145833,2470,22060,36600,9800,37860,87767,22100,5160,12725,23500,3/6/2018,
10760,110600,35000,40300,13450,31900,40400,12700,65800,49660,122000,46000,2360,11433,125000,13600,12000,85000,11160,3900,64167,15567,42500,44333,90000,10140,12460,148333,2420,22160,36200,9900,38460,86100,22500,5060,12538,24500,3/7/2018,
11310,105340,35000,40140,13500,32500,41340,12625,67660,50160,123000,46700,2380,11333,120000,13840,11750,100000,10340,4110,66667,15567,42100,44000,87500,10140,12300,147500,2490,22350,34400,10040,40160,81675,23800,5340,12550,25000,3/8/2018,
10760,117840,45000,39740,12875,34200,39240,12938,67660,52160,120000,46200,2380,11333,120000,13690,12500,100000,11340,4640,60000,15567,40767,42667,87500,9640,11900,143333,2520,23200,38700,10340,42660,83900,22400,5140,12363,25200,3/9/2018,
11160,101300,35000,37300,13375,32800,38800,12450,69840,53400,122000,49160,2320,10767,120000,13400,11675,100000,10860,4020,71667,15567,41733,44333,85000,10140,12240,146667,2370,22600,36340,9760,37960,80425,22660,5300,13013,25260,3/12/2018,
10960,111000,31500,37700,12938,35700,39200,12450,71940,56000,122000,51060,2320,10767,123333,13500,12550,93333,11860,4500,74000,15567,40400,43000,85000,10640,12640,146667,2520,22400,37140,10360,41460,79900,22260,5000,12575,24360,3/13/2018,
11160,107000,34000,37900,13500,34500,39200,12325,73340,52900,120500,52460,2320,10767,116667,13500,12050,85000,9460,3900,55000,15567,41733,44333,85000,10040,12440,143333,2380,22100,35540,9860,39460,85567,21960,5000,13325,24060,3/14/2018,
10860,111000,40000,40700,13625,34000,37700,12700,71340,56400,120500,52860,2300,10767,117500,13500,11300,100000,11860,4080,61667,15567,41733,44333,95000,10540,11940,145000,2420,22500,37940,9960,39960,79800,21760,5000,13325,24260,3/15/2018,
10760,116000,31500,42400,13625,35100,38200,12575,70340,58000,123000,52560,2320,10767,123333,13500,13175,101667,12360,4500,76667,15567,40400,43000,95000,10740,12240,151667,2520,22500,40040,10660,41460,80550,22460,4900,13013,25160,3/16/2018,
10820,111660,31500,40340,13575,34400,38060,12550,67200,58000,120660,55200,2360,11233,121667,13540,12550,100833,11500,4540,69167,15667,41500,43233,96650,10740,12260,148333,2580,22640,39660,10260,42160,82825,22600,4800,12763,24140,3/19/2018,
10820,103660,42500,44340,13450,32400,38060,12425,62200,56400,120660,52600,2360,11233,120000,13640,13300,100000,12300,4560,68333,15667,41500,43233,86650,10740,11960,148333,2380,22540,36960,10010,38660,85825,23200,5200,12700,25340,3/20/2018,
10770,115660,37500,47340,13638,33300,37060,12550,61200,55900,120660,52500,2360,10233,118333,13340,11675,81667,10100,3880,70000,15667,42833,44567,86650,10240,12060,142500,2460,21840,38060,9860,36660,86100,21900,4700,12700,23540,3/21/2018,
10730,117340,37500,48340,13638,35860,36560,12640,59200,57100,120660,50900,2420,10233,120000,13300,12175,86667,11700,3980,66667,15567,42600,44433,85850,10340,12060,145000,2380,21400,38400,10160,38360,86100,21800,4940,12800,24500,3/22/2018,
10730,102440,33500,45140,13450,38060,39560,12890,62600,59000,121660,53000,2420,10233,120000,13300,12425,100000,10800,3960,65000,15567,42600,44433,85850,10790,12260,146667,2490,21600,40500,10760,41660,77075,22400,4940,12550,25000,3/23/2018,
10770,104660,42500,47900,13450,33900,38060,12690,52700,53900,120660,45360,2420,10233,120000,13490,13675,93333,12200,4160,76667,15667,41500,43233,86650,10790,11860,146667,2330,21540,38460,9960,39340,87767,23100,5200,12575,25840,3/26/2018,
10880,108900,37500,50000,13450,34740,39560,12760,55940,55060,120660,46660,2420,10900,120000,13410,12175,100000,10640,4220,71667,15333,42167,44067,87500,10350,11850,146667,2490,21740,37860,10140,36600,88750,21740,4840,13025,26540,3/27/2018,
10940,114500,33500,46240,13050,36200,39500,12740,53900,56040,120660,47860,2420,11333,116667,13490,10400,85000,12840,3880,70000,15667,42833,44567,89150,10400,12100,143333,2500,21610,37760,10340,38540,82075,22440,5000,13063,25800,3/28/2018,
10940,112000,33940,44200,13240,34740,39140,12363,53940,54700,120000,47700,2380,11000,121667,13340,12250,101667,11860,3780,70000,15900,42500,44333,89150,10140,12500,145000,2430,22640,34260,9800,38660,82767,22100,5000,13063,24900,3/29/2018,
11240,106340,38500,47740,13613,36040,39060,12840,57000,55000,120660,49160,2400,11100,123333,13190,11750,98333,11360,3910,70000,15567,42067,44333,84150,10840,12240,155000,2320,22300,39340,10240,40340,82233,21760,4940,13200,25500,4/2/2018,
11680,104340,35000,44400,13325,34340,38000,12540,50900,53600,120660,46660,2420,11233,120000,13500,13175,100000,11800,4060,66667,15567,42600,44333,85850,10340,11860,148333,2300,22300,36440,10260,37540,85825,23200,5340,12863,26100,4/3/2018,
10940,105140,37500,46400,13050,36340,42340,12740,52000,55500,121160,49160,2400,10433,117500,13140,13250,85000,12560,4440,60000,15567,42400,44333,86650,10440,11790,148333,2400,22200,37040,10040,36700,87075,22160,5340,12638,25900,4/4/2018,
11480,114340,37500,44400,13075,35840,40260,12740,51340,59800,120660,50160,2420,10567,116667,13400,9440,96667,10600,3940,60000,15567,42600,44333,88350,10340,11960,150000,2360,21940,37540,10140,36540,87100,21900,4940,12050,25500,4/5/2018,
11780,116340,37500,49740,13060,35840,39340,12700,54000,61000,320660,49840,2400,10567,118333,12860,11800,98333,10940,11240,73333,15433,42233,44000,89150,10300,11800,148333,2340,21740,37200,10040,37340,63667,22240,4940,12175,25840,4/6/2018,
11580,114340,37500,48740,13060,35940,39840,12900,53500,61500,319160,48740,2400,10567,115833,12760,12175,96667,8940,8040,56667,15433,42233,44000,89150,10600,11800,146667,2330,21940,37500,10240,37840,67750,22240,4940,12300,25840,4/9/2018,
10880,113340,37500,47040,13010,35640,41340,12700,52500,59000,119660,47840,2400,10567,116667,12710,12050,77500,10140,3960,63333,15433,42233,44000,89150,10400,11900,145833,2280,22140,37300,10140,38340,86667,21740,5340,12675,24740,4/10/2018,
11480,115340,35000,45200,13340,35240,39540,12640,50640,67660,119660,48300,2420,10733,116667,12910,12550,85000,13460,3680,70000,15000,42267,43933,74750,10440,11860,146667,2260,22460,38300,10000,37700,80825,23060,5400,13375,25800,4/11/2018,
11680,115040,37500,44200,13240,35140,39840,12640,44140,61660,119660,44300,2420,11400,123333,12710,12925,83333,10060,3760,68333,15000,42267,43933,74750,10640,11860,150000,2260,22760,37200,10300,39200,74575,22460,5400,13500,26000,4/12/2018,
11290,117500,37500,44400,13240,34440,39340,12540,44800,64540,119660,44960,2410,11400,120000,12860,11800,81667,10660,3860,65833,15000,42267,43933,87500,10640,11860,151667,2240,22740,36700,10100,36600,75825,21660,5400,12313,24700,4/13/2018,
11190,102840,35000,40900,13090,33540,37840,12590,47300,56000,119660,41400,2400,11100,120000,12940,13000,100000,10460,3920,70000,15433,42400,44333,84150,10340,11860,146667,2240,22700,37100,9860,37200,80825,23060,5340,12825,25700,4/16/2018,
11100,111000,35000,42400,13240,34140,38840,12540,45160,61800,119660,43800,2420,11400,120000,12760,12425,85000,10960,4000,65000,15000,42267,43933,85000,10340,11660,145000,2310,22740,36500,10100,37200,86100,22460,5400,12625,25000,4/17/2018,
11110,116000,33500,42400,13040,34140,38340,12540,44660,61800,117160,43800,2420,10733,82000,12660,11675,81667,11360,3760,65000,15000,42267,43933,87500,10290,11860,143333,2240,22940,37700,9900,37200,86100,21660,5400,12813,25100,4/18/2018,
10840,118000,35000,42400,13540,35640,36340,12440,46300,64540,121660,45960,2420,10733,125000,12960,13675,85000,12260,3900,63333,14500,42267,43933,87500,10440,11660,148333,2330,23360,37500,10300,36600,85200,22860,5400,12563,25700,4/19/2018,
10740,118000,35000,41600,13340,35740,36540,12540,45500,65540,118160,44660,2420,10400,118333,12710,12550,83333,12760,3800,70833,14500,42267,43933,87500,10440,11760,144167,2140,23060,37200,10100,36200,83325,22460,5400,12500,24900,4/20/2018,
10940,107000,30000,42400,13190,35140,33840,12340,44660,62800,119660,43800,2420,10733,120000,13010,13800,100000,10660,3880,68333,14767,42267,43933,87500,10540,12060,150000,2280,23800,36600,10000,37200,88325,23460,5400,13000,26300,4/23/2018,
10780,114800,32500,42460,12940,35400,36240,12590,45660,64000,119660,44400,2400,10667,120000,12800,12175,84167,12740,3990,71667,14900,42100,30500,87500,10540,11900,143333,2320,23740,37440,9900,36700,80000,22140,5400,12525,25400,4/24/2018,
10890,114800,35000,41660,13140,35400,35740,12540,42660,66000,120660,42700,2400,10667,121667,12850,11925,85000,13140,4020,76667,14900,42100,30500,90000,10540,11900,146667,2280,23640,36740,9800,36700,81667,22140,5400,12525,25300,4/25/2018,
10730,115660,35000,41340,13360,34900,35500,12540,44160,63840,119660,43060,2380,10500,120000,12960,13625,83333,11960,4080,63333,15100,42400,44333,88350,10440,12000,148333,2290,23660,37200,9860,35860,81100,22360,5400,12363,25260,4/26/2018,
10850,114000,31500,36360,13240,33200,32840,12500,38560,60640,119660,39100,2460,10733,120000,12710,10140,80000,11360,3600,65000,15100,42267,43933,90000,10240,11300,146667,2260,23400,38260,10000,38200,59660,22360,5400,12688,23800,4/27/2018,
10990,103500,32500,41160,13290,35200,33340,12500,38660,63140,119660,39700,2460,10733,120000,12960,12675,100000,10860,3770,71667,15100,42267,43933,85000,10190,11900,146667,2330,23600,38060,9900,37700,85825,22460,5400,13188,25100,4/30/2018,
10990,105000,32500,36860,13290,33200,32340,12600,38660,61140,117660,40700,2460,10733,113333,13010,13550,90000,10860,3820,73333,15100,42267,43933,95000,10190,12000,141667,2280,23500,38260,9900,37200,80825,22660,5400,12938,23900,5/2/2018,
11250,113000,35000,39860,13240,33700,33340,12500,39660,62140,119660,40700,2460,10733,120000,12860,12175,80000,10160,3900,68333,15100,42267,43933,90000,10540,11900,145000,2370,23600,38060,9800,38200,81100,21460,5400,12750,24200,5/3/2018,
11300,111500,37500,38360,13440,37000,34340,12300,39660,62140,119660,38700,2460,10733,120000,12860,12675,85000,10860,3700,68333,15100,42267,43933,90000,9940,12100,145000,2380,24100,38260,10300,38200,81100,21660,5400,12625,24600,5/4/2018,
11040,110000,32500,40260,13240,38600,34740,12740,39060,57040,119660,41100,2560,10733,121667,13060,14175,102500,10860,3920,66667,15100,42267,43933,85000,9990,12300,151667,2480,24300,37660,10300,40200,87075,22960,5400,13250,25000,5/7/2018,
11040,104000,35000,38860,13740,36900,33340,12300,39660,63140,119160,37700,2460,10733,118333,12960,12675,98333,12260,3920,66667,15100,42267,43933,85000,9840,12100,146667,2200,25300,37860,10400,39200,87767,22760,5200,13000,25000,5/8/2018,
10940,111840,32500,35800,13540,37140,34840,12640,39600,61660,119160,37140,2460,10767,119167,12910,13300,81667,12860,3800,63333,15100,47600,44233,85000,9720,12100,148333,2240,25900,38660,10400,37700,85825,22040,5200,13000,24960,5/9/2018,
10780,106340,35000,39700,13540,38240,36240,12340,39700,61060,119660,38440,2560,10767,120000,13260,14050,100000,11360,3700,63333,15100,47600,44233,85000,9740,11650,150000,2490,26100,38060,10500,40200,87767,22740,5000,13000,25060,5/11/2018,
10480,110660,30000,35160,13060,36400,33640,12140,37560,60660,119660,34460,2420,10500,120000,12760,12500,81667,11560,3640,68333,15100,42400,44333,83350,9840,11700,150000,2400,26200,37300,10560,37200,85825,21960,5140,12575,24560,5/14/2018,
10380,109660,30000,34660,13260,37200,34140,12290,39060,60660,119660,35460,2420,10500,120000,12760,12625,81667,12360,3890,75000,15100,42400,44333,83350,9840,11500,146667,2400,26100,41100,10260,37700,85825,21760,5140,12450,24160,5/15/2018,
10720,101660,35000,37660,13460,36900,34140,12240,39660,60660,119660,36860,2420,10500,120000,13010,12250,100000,10760,3660,70000,15100,42400,44333,83350,9840,12100,145833,2180,25800,39900,10360,38200,88325,21760,5140,12825,23960,5/16/2018,
11130,106360,36000,37060,13210,40400,34540,12240,41760,57460,117660,40560,2420,10500,116667,12710,11875,85000,10860,4160,73333,15100,42400,44333,83350,10240,11500,145000,2250,26100,43000,10260,37700,87767,21760,5440,12775,24860,5/17/2018,
10690,111000,35000,37100,13490,37040,34900,12410,42500,57000,120660,41400,2420,10400,121667,12900,11575,85000,12740,3920,60000,14900,42167,43933,73350,10240,11500,146667,3750,26000,40160,10340,37200,89433,22940,5200,11938,25700,5/18/2018,
10550,108840,36000,33460,13140,40160,34560,12400,36940,56500,119660,37200,2440,11067,123333,12660,11675,80000,11060,3960,70000,14567,42000,43567,85000,10080,11460,153333,2310,25860,39940,10400,34640,88325,21800,4860,12250,24500,5/21/2018,
10600,108340,35000,35560,13490,39960,33860,12400,39440,55500,119660,38000,2440,10400,120000,12710,11675,80000,10960,3860,66667,14567,42000,43567,85000,10080,11460,145000,2310,25760,40440,10200,36140,87075,22000,5060,11875,24800,5/22/2018,
10740,99340,35000,36460,13440,40660,35560,12700,39440,58000,119660,38500,2640,10733,120000,13160,11675,93333,10860,3760,76667,14567,42000,43567,85000,10080,11460,150000,2460,26160,38240,10100,40140,89433,22800,5260,12500,25100,5/23/2018,
10520,109500,35000,34040,13260,39840,32740,12500,37440,56160,119160,36840,2420,10733,119167,12810,11800,93333,11940,3940,73333,14900,42100,43933,84150,10120,12200,111250,2220,25560,38360,10500,37500,84175,22200,5260,12475,24600,5/24/2018,
10660,102000,35000,37640,13560,40840,34340,12500,38940,56660,121660,37340,2420,10733,123333,13060,13175,102500,10140,4080,70000,14900,42100,43933,84150,9940,12100,151667,2240,25760,40160,10500,39000,97925,23100,5260,12850,24900,5/25/2018,
10660,101000,35000,36140,13460,40840,33340,12300,38940,53160,119660,35840,2420,10733,120000,13010,12175,98333,10840,3680,72500,14900,42100,43933,84150,9940,12100,148333,2290,25760,39560,10300,39000,105567,22600,5260,12725,24700,5/28/2018,
10620,108000,35000,34640,13360,42840,32340,12400,38440,51160,119660,35840,2420,10733,120000,12860,12050,90000,10340,4220,63333,14900,42100,43933,84150,10240,12400,150000,2270,25360,38660,10600,38000,88900,22600,5460,12475,24300,5/30/2018,
10880,111000,25000,34340,13140,38740,32340,12200,33260,40340,119660,33140,2460,11067,120000,12960,10740,83333,11360,3860,68333,15100,42267,43933,85000,10440,11700,148333,2280,24760,35940,10400,37200,83325,22360,5400,12813,25340,5/31/2018,
10780,110000,25000,33540,13290,38940,32840,12350,33260,42340,119660,32640,2460,11067,120000,13010,11800,81667,12360,3860,75000,15100,42267,43933,85000,10440,11600,146667,2280,24560,36640,10200,37700,82075,22460,5400,12750,25040,6/4/2018,
10820,107000,32500,36840,13690,41240,36640,12400,36660,43840,120660,34640,2460,10733,123333,12810,11550,101667,11660,3900,77500,15100,42267,43933,85000,10140,11500,151667,2190,24660,38140,10600,41700,82767,22860,5600,12750,24540,6/5/2018,
10970,105500,30000,35340,13490,38740,33340,12400,34160,43840,121660,32640,2460,10733,123333,13210,11675,100000,10360,3680,73333,15100,42267,43933,85000,10140,12400,150000,2190,24460,38740,10200,39200,90825,22260,5400,12875,24740,6/6/2018,
10920,110000,28000,33140,13340,40540,33340,12300,34160,38540,119660,32840,2460,10400,130000,12710,11175,93333,11360,3760,80000,15100,42267,43933,85000,10240,11500,140000,2300,24260,35640,10300,36900,80825,21560,5400,13125,25740,6/7/2018,
11030,109000,28000,33640,13440,39540,32340,12300,35860,39040,120660,32640,2460,10733,130000,12910,11925,103333,11160,3740,71667,15100,42267,43933,85000,10140,11600,150000,2290,24060,35540,10000,38700,82075,21860,5300,12625,24940,6/8/2018,
10920,107000,30000,35640,13490,40540,30640,12500,37360,40540,121660,33340,2460,10733,130000,12960,12175,96667,10560,3880,83333,15100,42267,43933,90000,9640,11500,153333,2250,24560,37540,10200,38200,85825,22460,5300,13000,26140,6/21/2018,split
11080,103000,36500,39140,13240,41440,37640,12440,41060,43540,121660,36340,2460,10733,130000,13360,12175,103333,10860,3960,78333,15100,42267,43933,90000,9640,11600,153333,2340,24960,34540,10500,39200,84433,21660,5400,13125,26440,6/22/2018,
10720,105000,29000,34840,13440,36340,33340,12300,40160,42540,119660,32140,2460,10733,126667,13160,11675,96667,9760,3680,73333,15100,42267,43933,85000,9540,12200,150000,2240,24360,37140,10100,38700,94433,22660,5200,12875,25340,6/25/2018,
10820,107000,29000,34340,13540,37040,32840,12400,43160,43040,119660,32640,2460,10733,126667,13160,11675,100000,11260,3680,76667,15100,42267,43933,85000,9540,12100,150000,2190,24210,37140,10000,38700,94433,22460,5200,13000,24890,6/26/2018,
10920,106000,29000,36340,13440,36540,34340,12500,41660,41540,122660,34140,2460,10733,131667,12960,12675,93333,11160,3680,64167,15100,42267,43933,85000,9540,11600,151667,2290,24160,33940,10200,37200,87075,22060,5200,13063,25040,6/28/2018,
10770,103000,29000,38840,13440,38040,33340,12300,45660,39540,120160,35140,2460,10733,127500,13260,12550,100000,10160,3780,68333,15100,42267,43933,85000,9540,12100,148333,2240,24860,35940,9500,38700,87767,22760,5200,12875,25340,6/29/2018,
10820,105500,29000,39840,13040,41040,37340,12500,43660,37540,119660,35140,2460,10733,126667,13010,11800,88333,11860,3860,65000,15100,42267,43933,85000,9540,11550,146667,2240,24760,33340,9450,37700,79575,22060,5200,13000,24940,7/2/2018,
10980,111000,29000,37640,13840,38740,37340,12600,54160,38540,121660,37340,2460,10733,130000,12860,14550,106667,10860,4060,70000,15100,42267,43933,85000,9640,11600,153333,2340,25660,34940,9800,41200,77767,22960,5400,13000,26540,7/3/2018,
10980,105300,29000,38440,13740,39640,35740,12500,53160,37540,121660,35640,2460,10733,130000,12710,12425,103333,10360,4160,81667,15100,42267,43933,85000,9640,11500,150000,2390,25360,33940,9600,39700,77767,22360,5400,13000,26340,7/4/2018,
10720,109000,31500,34840,13440,35040,35840,12500,50160,42040,118660,37140,2460,10733,126667,12810,12050,85000,12860,3660,55000,16100,42267,43933,85000,10040,11500,148333,2300,25960,35340,10300,35700,62160,21360,5200,12750,24840,7/5/2018,
10820,105000,29000,35340,13140,34540,36840,12450,49660,42540,119660,37140,2460,10733,126667,13060,9140,86667,10360,3860,65000,16100,42267,43933,85000,9940,11500,146667,2150,25960,35740,10400,38700,79575,21060,5200,12875,23740,7/6/2018,
10900,108250,29000,38740,13440,39890,37340,12550,48910,38040,120660,36240,2460,10733,128333,12935,13175,97500,11360,3960,67500,15100,42267,43933,85000,9590,11575,150000,2290,25210,34140,9625,39450,78671,22510,5300,13000,25740,7/9/2018,
10770,105000,29000,35140,12990,33740,37340,12400,50160,41340,119660,38340,2460,10733,126667,13010,9340,86667,10860,3860,75000,16100,42267,43933,85000,9540,11500,146667,2190,26560,35740,10200,37200,82767,20860,5200,12938,24040,7/10/2018,
10720,105000,29000,37340,13290,34540,37340,12400,49660,41540,119660,37640,2460,10400,126667,12810,11675,100000,10860,3660,73333,16100,42267,43933,85000,9840,11500,146667,6740,26760,34340,10500,37200,79433,21660,5200,12750,24540,7/11/2018,
10680,107000,29000,36340,13240,35540,36840,12300,51660,39540,120660,36640,2460,10400,126667,13060,12050,93333,11860,3680,73333,16100,42267,43933,85000,9640,12200,148333,2240,26960,35840,10400,37200,77075,21760,5200,12750,25140,7/12/2018,
10580,105000,29000,36240,13340,36340,37840,12350,53660,38540,119660,37140,2460,10400,126667,13010,12300,95000,12660,3680,78333,16100,42267,43933,85000,10040,12500,146667,2280,27160,36540,10400,41200,77075,22560,5200,12625,25140,7/13/2018,
10720,106000,29000,36240,13340,37040,36840,12400,52160,41040,119660,38640,2460,10400,126667,13310,12175,86667,12660,3860,71667,16100,42267,43933,85000,9940,11900,146667,2380,26860,35540,10500,41200,82767,22060,5200,12875,23740,7/16/2018,
10980,109000,28000,35940,13340,37840,38340,12500,52660,43540,121660,38140,2460,10400,135000,13260,13175,100000,13160,4000,77500,16100,42267,43933,85000,10040,11900,145000,2440,26360,36840,10700,40700,87075,22160,5200,13000,25940,7/17/2018,
10780,105000,29000,37240,13840,35540,34340,12500,48660,40040,119660,36640,2400,10400,128333,13210,12675,100000,12360,3550,80000,16100,42267,43933,85000,10040,11900,151667,2280,26960,35540,10700,42200,82767,23360,5400,13125,24640,7/18/2018,
11380,105500,29000,35840,13240,35540,38840,12300,48660,40040,119660,36640,2460,10400,126667,13260,12175,90000,11710,4660,76667,16100,42267,43933,85000,9940,11900,143333,2390,27060,36440,10700,40700,82075,21860,5200,13125,25740,7/19/2018,
10780,105000,28000,34340,13540,33240,43140,12450,55160,41840,117660,40340,2460,10400,123333,13460,12175,93333,9660,5950,73333,16100,42950,45200,85000,10240,11900,146667,2270,27960,36140,10300,39200,78325,21960,5200,13000,25340,7/20/2018,
10780,106000,28000,34340,13540,33740,40340,12500,55160,42040,117660,39840,2460,10400,123333,13360,9840,93333,12160,3700,60000,16100,42950,45200,85000,10440,11900,146667,2280,28060,36340,10300,39200,78325,22060,5200,12875,25440,7/23/2018,
10780,107000,29000,34540,13740,33540,39340,12500,53660,41540,117660,39340,2460,10400,123333,12960,10540,105000,11660,3960,78333,16100,42950,45200,85000,10240,11900,148333,2330,27560,36340,10400,42200,75825,22260,5400,12875,25940,7/24/2018,
10780,105000,28000,32140,13540,32140,36340,12300,53660,38540,117660,37340,2460,10400,123333,13260,11925,91667,10860,3640,68333,16100,43450,45200,85000,10240,11900,146667,2350,27760,36540,10100,39200,79575,21660,5200,12875,24740,7/25/2018,
10500,106660,26500,30600,13400,28860,40000,12290,58340,38200,117340,36200,2440,10333,126667,13300,13425,106667,10940,3580,70000,14900,42800,44500,85000,10240,11940,146667,2320,27140,38800,10200,39860,80825,23600,5260,12800,25600,7/26/2018,
10450,104660,29000,30200,13400,28560,40000,12340,56340,36700,117340,35200,2440,10333,126667,13100,12175,93333,10540,3500,70000,14900,42675,44500,85000,10240,11940,146667,2220,27140,36800,10200,37860,80825,22800,5060,12550,25400,7/27/2018,
10450,106660,26500,30200,13400,28560,40000,12340,56340,37700,117340,35200,2440,10333,126667,13300,13425,106667,9940,3580,66667,14900,42800,44500,85000,10240,11940,146667,2320,26940,38800,10300,39860,80825,23000,5260,12800,25600,7/30/2018,
10500,107660,29000,31600,13600,29060,38500,12290,56340,36500,117340,34200,2440,7750,126667,13100,9740,106667,10540,3500,70000,14900,42800,44500,85000,10240,11940,146667,2320,26940,37800,10400,38860,64660,22600,5060,12550,25200,7/31/2018,
10800,107660,26500,30600,13600,29060,38500,12290,56340,36500,117340,33200,2440,10333,126667,13300,10140,100000,10540,3520,70000,14900,42800,44500,85000,10340,11940,146667,2320,26940,33340,10300,38860,82075,22400,5060,12550,25200,8/1/2018,
10900,109660,30000,30600,13600,29460,39500,12490,52340,36300,117340,31000,2440,10333,130000,13100,12675,100000,10540,3500,73333,14900,42550,44250,85000,10040,11940,146667,2320,25740,34940,10200,38860,82075,22200,5060,12675,25200,8/2/2018,
10550,102660,27500,30600,13100,31460,39000,12240,51340,36000,117340,31000,2440,10333,130000,12900,12675,93333,10440,3700,63333,14900,42550,44250,85000,10040,11940,146667,2320,25340,33940,10200,38360,80825,22400,5060,12550,25100,8/3/2018,
10600,103460,27500,31100,13100,31260,38000,12140,49340,35700,117340,30800,2440,10333,130000,12950,12175,93333,10540,3700,66667,14900,42550,44250,85000,10040,11940,146667,2370,25240,35340,10200,38360,66660,22100,5060,12675,25800,8/6/2018,
10600,103460,27500,31100,13500,29260,39000,12340,50340,35700,117340,30800,2440,10333,130000,12950,12925,106667,9940,3580,63333,14900,42550,44250,85000,10040,11940,146667,2370,25240,35740,10200,39360,93325,22900,5260,12925,26000,8/7/2018,
10840,108000,27500,33260,13200,31140,39340,12700,48540,39500,116500,32000,2440,10333,129167,12810,12175,98333,12800,3740,61667,15433,42550,43925,88350,10180,11860,148333,2340,25000,34140,10240,39860,84175,22800,5060,12575,25100,8/8/2018,
10840,106000,27500,33660,13300,32140,40340,12600,51540,39500,116500,34000,2440,10333,129167,12610,12425,91667,12800,3740,61667,15433,42425,43925,88350,10080,11860,148333,2340,24400,35740,10240,37860,84175,22600,5060,12575,25500,8/9/2018,
10890,110500,30000,32660,13200,32140,40940,12400,50340,38600,117000,33200,2440,10333,130000,12560,12425,100000,12100,3520,65000,15433,42550,43925,88350,10080,11860,146667,2340,24100,34340,10140,39860,81675,22400,5060,12575,25000,8/10/2018,
10890,111000,30000,32460,13150,31440,40340,12500,50340,38500,117000,32000,2440,10333,130000,12610,12675,100000,11100,3520,75000,15433,42550,43925,88350,10080,11860,146667,2330,24100,35840,9940,39860,81675,22000,5060,12638,24900,8/13/2018,
10990,111000,29000,31860,13150,30440,40340,12400,48340,38500,117000,31000,2440,10333,130000,13010,12675,106667,11100,3500,81667,15433,42550,43925,88350,10180,11860,146667,2330,24100,36540,9940,39860,81675,22000,5060,12638,24900,8/14/2018,
10550,111000,29000,30460,13700,29340,39940,12750,46940,36700,117000,33500,2440,10333,130000,12960,12425,96667,10800,3700,85833,15433,42550,43925,88350,9980,11460,146667,2340,23800,35540,10140,41860,84175,23200,5260,12700,26600,8/15/2018,
10540,107000,30000,31760,13700,29640,36640,12700,48140,38000,117000,32100,2380,10333,126667,13010,12675,105000,11600,3640,86667,15433,42550,43925,88350,9980,11460,153333,2240,25000,36840,10240,39360,87925,23200,5260,12267,24800,8/16/2018,
10675,111250,30000,30925,13125,27700,36000,12625,42675,37925,117500,31250,2425,12150,130000,12700,13233,112500,11925,3788,75000,15333,42567,44567,95000,10275,11625,160000,2275,23700,36300,10425,38625,85567,23500,4575,12825,24675,8/20/2018,
10640,109000,30000,32640,13500,29160,38000,12700,48840,38840,118000,33500,2380,10433,126667,12860,12425,106667,12340,3780,88333,16000,42550,44175,87500,10020,11300,153333,2200,25060,35940,10340,39400,85425,23000,5260,12700,23740,8/21/2018,
10590,102500,27500,31540,13400,29660,42000,12400,47340,39340,118000,33000,2440,10433,130000,12810,13175,106667,9740,3660,83333,16000,42550,44175,87500,9920,11900,151667,2320,23960,36540,10140,39400,94175,22800,5260,12825,24340,8/22/2018,
10640,107000,27500,31940,13600,29960,38800,12700,46340,37340,120000,34000,2440,10433,133333,12960,14425,113333,10240,3960,100000,16000,42550,44175,87500,9920,11900,151667,2320,24060,36540,10340,39400,97925,22900,5260,12700,24640,8/23/2018,
10540,106000,27500,31440,13500,29160,39500,12700,46340,37160,119000,33000,2440,10433,131667,12810,10640,110000,11940,3660,98333,15900,42550,44175,89150,9920,11900,150000,2320,23940,36540,10240,39400,94375,22900,5260,12825,24940,8/27/2018,
10540,104000,26000,31440,13400,28260,37000,12600,44340,36160,118000,32500,2440,7825,131667,12860,13175,106667,9940,3960,66667,15900,42550,44175,89150,9920,11900,146667,2350,23640,36140,10440,39400,91875,22800,5260,12575,24140,8/28/2018,
10840,115000,27500,32940,13300,28460,40000,12500,45340,37160,118000,33500,2440,12150,131667,12560,10040,100000,11540,3660,66667,15900,42550,44175,89150,9920,11300,146667,2370,23940,36540,10240,39400,84375,22400,5060,12575,24640,8/29/2018,
10840,109000,27500,31440,13250,28460,38700,12350,44440,37660,118000,33000,2440,12150,131667,12560,12675,93333,10540,3680,63333,15900,42425,44175,89150,9920,11300,146667,2270,23840,35540,10140,38900,83750,22100,5060,12825,24040,8/30/2018,
10640,105000,26000,30940,13400,27660,37500,12500,41840,35660,118000,31500,2440,12150,130000,12910,13425,108333,10940,3660,71667,15900,42550,44175,89150,9920,11900,146667,2320,23940,36040,10240,39400,87500,22800,5260,12800,24540,8/31/2018,
10840,109000,27500,29940,13200,27660,37500,12400,40840,37660,118000,31500,2440,12150,130000,12710,12425,101667,11540,3680,71667,15900,42550,44175,89150,10020,11300,146667,2320,23740,35440,10240,39400,80000,22200,5060,12575,23540,9/3/2018,
10840,109000,27500,30440,13150,28460,36500,12300,41840,37660,118000,32500,2440,12150,130000,12610,12050,100000,11540,3680,65000,15900,42550,44175,89150,10020,11300,146667,2320,23690,35940,10240,39900,82500,22300,5060,12575,23240,9/4/2018,
10540,112000,26500,29540,13100,26460,34500,12200,38140,38660,118000,28300,2440,12150,130000,12760,12175,106667,12540,3840,70000,15900,42550,44175,89150,9920,11300,146667,2330,23740,35940,10240,39400,82500,22200,5060,12450,23140,9/5/2018,
10540,111000,27500,32840,13000,28160,37000,12300,41440,39160,118000,31900,2440,12150,130000,12910,12675,93333,11140,3840,70000,15900,42550,44175,89150,9920,11500,146667,2320,23540,34940,10040,38400,82500,21800,5060,12388,24840,9/6/2018,
10640,110000,26500,32340,13100,28660,33500,12100,37440,39160,120000,31000,2440,12150,130000,12760,12175,93333,11040,3840,71667,15900,42550,44175,89150,9920,11300,145833,2370,23140,34940,10140,37900,85000,21600,5060,12575,25340,9/7/2018,
10640,104500,25000,30940,13700,27960,34000,12550,37940,37660,120000,31000,2440,12150,130833,12860,12925,106667,10940,3740,76667,15900,42550,44175,89150,10020,11300,148333,2280,23140,35540,10240,41400,87500,23500,5260,12825,24740,9/10/2018,
10640,109000,25000,32540,13800,28760,34000,12800,39940,34660,123000,31100,2440,12150,135000,12860,13550,113333,11840,3840,83333,15900,42550,44175,89150,10020,11300,151667,2330,23040,37540,10440,41400,88750,23800,5260,12888,25740,9/12/2018,
10540,111000,27500,30640,13200,27160,31500,12350,33940,34160,120000,30500,2440,12150,130000,12760,12425,93333,10540,3940,70000,15900,42550,44175,89150,9920,11300,146667,2340,22840,37340,10040,38400,86250,21600,5060,12513,24640,9/13/2018,
10640,112000,27500,30840,13100,27460,31000,12400,33440,33660,120000,30000,2440,12150,131667,12810,13050,93333,10840,3840,73333,15900,42550,44175,89150,9920,11300,146667,2400,22640,37040,9840,38400,86250,22000,5060,12575,24840,9/14/2018,
10840,109500,27500,29640,13300,25960,30500,12500,33440,34160,120000,30500,2440,12150,131667,12560,10040,93333,12540,3680,68333,15900,42425,44175,89150,10120,11400,148333,2280,22640,37540,9840,38400,84375,21900,5060,12575,24640,9/17/2018,
10640,110500,27500,30740,12900,28060,31600,12350,34540,38760,120000,30200,2440,12150,130000,12860,12550,90000,10840,3840,65000,15900,42550,44175,89150,10120,11300,146667,2290,22540,36540,9840,38400,84375,21000,5060,12513,24240,9/18/2018,
10540,111000,27500,31440,13000,29760,34500,12200,37940,40660,120000,32000,2440,12150,130000,13060,13925,93333,11540,3840,73333,15900,42550,44175,89150,10120,11300,146667,2270,22840,35940,10040,37900,85000,21600,5060,12450,25140,9/19/2018,
10840,111000,27500,30940,13200,26460,36000,12400,33840,40760,120000,31500,2440,12150,126667,12710,12300,95000,11140,3790,71667,15900,42425,44175,89150,10120,11300,143333,2220,22840,36740,10040,38900,82500,22300,5060,12450,25140,9/20/2018,
10740,110500,27500,31740,13250,27260,35500,12200,32840,40260,120000,30500,2440,12150,126667,12610,11800,93333,11840,3840,66667,15900,42425,44175,89150,10120,11300,143333,2210,22840,36940,10340,38400,81250,21800,5060,12200,24840,9/21/2018,
10840,112000,27500,30740,13300,26260,34500,12400,32840,39760,120000,31300,2440,12150,126667,12660,12050,93333,11140,3840,73333,15900,42425,44175,89150,9920,11300,143333,2200,22840,36440,10240,38400,81250,22400,5060,12450,24940,9/24/2018,
10640,105000,25000,29140,13400,24660,32300,12650,32240,34160,120000,30800,2440,12150,130000,12960,13425,106667,10540,3660,61667,15900,42550,44175,89150,9920,11900,146667,2280,22640,37540,10240,39400,87500,22800,5060,12700,25540,9/25/2018,
10790,109500,27000,29040,13200,25560,34900,12100,33340,35160,120000,31100,2440,12150,126667,12410,12675,93333,10840,3540,63333,15900,42550,44175,89150,9920,11300,143333,2220,22640,36740,10340,38400,82500,22100,5060,12325,24740,9/26/2018,
10490,103500,27000,28440,13200,25160,30900,12100,33340,32160,120000,32700,2440,12150,130000,12310,12925,106667,10240,3560,60000,15900,42550,44175,89150,9920,11900,146667,2280,22240,37340,10340,36400,87500,21900,5060,12700,24740,9/27/2018,
10640,109800,27000,28740,13200,24260,34000,11900,34840,35160,120000,34400,2440,12150,126667,12360,12050,90000,10540,3640,70000,15900,34300,35925,89150,9920,11900,144167,2360,22040,36440,10140,35400,95000,20800,5060,12200,25040,9/28/2018,
10740,111000,27000,28240,13300,24560,33500,12200,36840,36460,119500,34900,2440,12150,125833,12460,12300,93333,12540,3640,75000,15900,34300,35925,89150,10120,11900,144167,2230,22040,36940,10440,35400,88125,21100,5060,12450,24840,10/1/2018,
10740,109000,27500,32440,13400,28060,36000,12200,38340,38660,120000,34000,2440,12150,130000,12710,13050,96667,11540,3660,65000,15900,42550,44175,89150,10020,11400,149167,2320,22940,34940,10340,34900,88750,22100,5060,12575,25340,10/2/2018,
10690,107000,25000,27740,13350,26960,33800,12300,36540,36760,120000,34400,2440,12150,130000,12610,12675,96667,10440,3660,63333,15900,42550,44175,89150,9920,11300,146667,2260,22440,34940,10140,35400,88750,21600,5060,12450,24540,10/3/2018,
10640,109000,25000,27840,13300,26260,34000,12150,38340,36660,120000,35000,2440,12150,130000,12660,12050,99167,11540,3680,60000,15900,42550,44175,89150,10020,11300,146667,2240,22540,36740,10240,36400,83750,21300,5060,12450,23940,10/4/2018,
10540,105000,26000,28740,13450,25060,32000,12250,35340,35160,120000,34500,2440,12150,130000,12960,12925,106667,9940,3660,68333,15900,42550,44175,89150,9920,11900,146667,2320,22440,36540,10140,36900,88750,21900,5260,12825,25040,10/5/2018,
10540,111000,23500,28740,13100,26560,34200,12150,35540,37660,120000,34400,2440,12150,130000,12810,12050,93333,10840,3840,73333,15900,42550,44175,89150,9920,11300,146667,2280,22440,36740,10240,35400,82500,21300,5060,12575,24440,10/8/2018,
10540,107000,23500,29440,13500,25060,33100,12400,37240,37660,121000,35500,2440,12150,133333,12860,12925,113333,10040,3660,76667,15900,42550,44175,89150,10320,12100,151667,2410,22940,34940,10140,36400,93750,23000,5260,12888,25740,10/9/2018,
10740,111000,23500,31440,13000,28260,35900,11900,38740,40660,120000,34500,2440,12150,128333,12860,12675,93333,10540,3740,66667,15900,42550,44175,89150,9920,11400,146667,2370,22940,38740,10040,35400,87500,22500,5060,12575,26740,10/10/2018,
10940,109500,22500,31140,13500,27360,38000,12000,38240,38160,120000,35500,2440,12150,130000,12610,12300,96667,10540,3660,70000,15900,42550,44175,89150,9920,11300,150000,2360,22740,37540,10140,35400,87500,22500,5060,12575,26640,10/11/2018,
10740,112000,23500,31940,12900,27260,36500,11800,36740,40160,120000,35500,2440,12150,126667,12760,11925,93333,10240,3840,66667,15900,42550,44175,89150,9920,11300,146667,2290,22340,38940,10140,35400,83750,21900,5060,12575,26440,10/12/2018,
10990,111000,25000,30940,13100,26160,37000,11900,36240,39660,120000,35300,2440,12150,126667,12460,12175,93333,10540,3680,66667,15900,42425,44175,89150,9920,11300,146667,2350,22640,38540,10140,35400,83750,21800,5060,12575,26840,10/15/2018,
10440,110000,22500,30040,13200,26960,36100,11900,36340,37160,120000,34700,2440,12150,126667,12810,13175,100000,11040,3680,70000,15900,42550,44175,89150,10020,11300,146667,2320,22640,37940,10240,35900,85000,22000,5060,12450,27240,10/16/2018,
10640,111000,26500,31340,13400,26960,39200,11900,39740,42460,119500,39800,2440,12150,126667,12510,12175,100000,11840,3660,58333,15900,42550,44175,89150,9920,11400,148333,2210,22440,38940,9940,36400,89375,22200,5260,12575,26740,10/17/2018,
10640,110000,26500,30940,13200,26460,38200,11500,37740,42160,120000,39000,2440,12150,126667,12260,11800,100000,10540,3660,68333,15900,42550,44175,89150,9920,11300,146667,2310,22240,38940,9940,36400,92500,21800,5260,10060,26740,10/18/2018,
10740,110000,26500,30940,13000,26460,37200,11700,38340,40160,120000,39000,2440,12150,126667,12660,11800,93333,10540,3840,68333,15900,42550,44175,89150,9920,11300,146667,2370,22240,38940,9940,35400,86250,21800,5260,12575,26940,10/19/2018,
10740,111000,26500,30740,13100,26860,37800,11900,40340,39660,120000,39700,2440,12150,126667,12810,12300,93333,10540,3840,68333,15900,42550,44175,89150,9920,11300,146667,2320,22340,38540,10040,35400,86250,22300,5260,12575,26840,10/22/2018,
10690,111000,26500,31940,12900,27160,37700,11900,39340,40160,120000,38500,2440,12150,126667,12810,12175,93333,10540,3840,70000,15900,42550,44175,89150,9920,11300,146667,2320,22440,38740,10040,35400,86250,21800,5260,12450,26740,10/23/2018,
10740,111000,26500,32940,13100,27360,35500,11900,39840,40160,120000,40000,2440,12150,126667,12860,12175,93333,10540,3840,73333,15900,42550,44175,89150,9920,11300,146667,2290,22240,38340,10140,35400,86250,22100,5260,12575,26740,10/24/2018,
10540,112000,24000,31040,13600,26660,36200,12400,40340,43160,120000,40800,2440,12150,133333,12860,12550,111667,10540,3640,81667,15900,42550,44175,89150,9920,11300,150000,2360,22040,36540,10140,37400,84375,22000,5260,12575,25740,10/25/2018,
10440,111500,24000,30540,13500,27160,35400,12200,39840,42160,119000,40000,2440,12150,130000,12760,12550,106667,10540,3640,83333,15900,42550,44175,89150,9920,11400,146667,2390,21940,36540,10140,36400,84375,22800,5260,12450,25440,10/26/2018,
10490,110500,26500,29540,13300,24860,35700,11900,38340,40160,119000,40000,2440,12150,126667,12510,12175,93333,10840,3680,60000,15900,42425,44175,89150,9920,11400,146667,2260,21940,36940,9840,35400,84375,22200,5260,12513,25540,10/29/2018,
10860,109340,26500,29200,13300,25560,36960,12100,37640,41800,118160,42400,2440,12850,126667,12460,12200,93333,11840,3280,58333,14167,42575,44325,88350,10360,11800,148333,2230,21800,36800,10100,37200,82075,21460,5200,13000,25160,10/30/2018,
10760,108340,26500,30200,13250,26260,38260,12200,39140,43000,118660,42900,2440,12850,126667,12660,13075,100000,11440,3480,65000,14167,42700,44325,88350,10360,11700,143333,2260,21700,35800,10300,35200,90825,21460,5200,12750,25560,10/31/2018,
10860,106640,26500,29000,13200,25260,37260,12000,37640,41000,118660,42400,2440,12850,126667,12360,12075,100000,10940,3280,61667,14167,42700,44325,88350,10360,11700,143333,2260,21600,36600,10100,35200,89575,20860,5200,12875,25260,11/1/2018,
10860,108340,26500,29600,13200,26960,35160,12000,35640,38000,118660,38400,2440,12850,126667,12360,12325,100000,10940,3420,60000,14167,42950,44575,88350,10360,11700,143333,2210,21700,36400,10100,36200,89575,21460,5400,12875,24060,11/2/2018,
10760,108340,26500,28700,13300,26160,34360,11800,35240,38000,118660,37400,2440,12850,126667,12260,12450,93333,10940,3420,66667,14167,42825,44575,88350,10260,11700,143333,2260,22000,36000,10100,37200,89575,22260,5400,13000,24060,11/5/2018,
10710,106340,26500,28600,13200,26160,33360,11800,34240,39000,118160,36400,2440,12850,126667,12360,12325,93333,10840,3220,63333,14167,42825,44575,88350,10260,11700,143333,2260,22000,36000,10100,37200,89575,21960,5400,12875,23560,11/6/2018,
10760,112340,26500,30100,13400,27660,34060,12000,35240,38500,119660,38900,2440,12850,131667,12460,13325,100000,10740,3120,76667,14167,42825,44575,88350,10260,11700,148333,2260,22200,36400,10300,37200,92700,22560,5400,13063,24960,11/7/2018,
10560,108840,26500,29600,13200,26560,33760,11700,37640,36500,117660,36900,2440,12850,126667,12460,12700,93333,11440,3220,63333,13500,42825,44575,88350,10260,11800,143333,2260,22200,35500,10200,37200,92700,22660,5400,12750,23960,11/8/2018,
10760,108340,25000,29300,13500,27060,35260,12000,39140,36000,118660,37400,2440,12850,126667,12960,12825,106667,10340,3200,65000,13500,42950,44575,88350,10160,12300,146667,2220,21950,36200,10100,36700,92075,22360,5400,13000,24360,11/9/2018,
10860,108340,26500,28600,13100,27860,32760,11700,36140,35500,118660,36400,2440,12850,126667,13060,12325,93333,11040,3380,63333,13500,42950,44575,88350,10160,11700,146667,2320,22000,35800,9900,35200,85825,21860,5400,13000,24160,11/12/2018,
10540,110500,25000,28740,13310,29140,32540,11950,39660,37160,120000,36660,2440,12000,126667,12440,12175,93333,10800,3540,65000,15433,43175,44750,89150,9580,11460,143333,2250,23000,36800,9900,38360,81675,22600,5260,12700,25100,11/13/2018,
10490,111500,26500,28940,13460,28340,32040,11800,40160,37160,120000,36160,2440,12000,130000,12890,12550,106667,10700,3500,73333,15433,43300,44750,89150,9680,11460,143333,2260,23300,36000,10100,37860,81675,22600,5260,12575,25000,11/14/2018,
10690,122340,26500,29460,13740,28060,33200,11960,37860,36160,117160,37260,2460,12000,126667,12810,12750,101667,10800,3780,68333,16233,42800,44575,89150,10000,11660,145000,2300,22140,36660,10540,38940,82075,23600,5200,12825,25740,11/15/2018,
10640,118040,24000,28160,13540,27060,32400,11560,35860,37160,118660,35760,2460,12000,126667,12560,11750,93333,10500,3680,64167,16233,42800,44575,89150,10000,11560,143333,2300,22640,36860,10340,37740,82075,22400,5200,12825,24740,11/16/2018,
10640,119340,24000,28660,13640,27360,34000,11960,36860,35660,118160,36760,2460,12000,126667,12660,12125,93333,11800,3680,61667,16233,42800,44575,89150,10500,11660,145000,2300,22740,36860,10340,37940,81450,22800,5200,12825,24940,11/19/2018,
10640,121340,26500,29260,13740,28760,31600,12060,34460,35860,118660,35760,2460,12000,126667,12610,12125,100000,10400,3780,67500,16233,42800,44575,89150,10100,11560,143333,2150,23140,37060,10440,38940,81450,23200,5200,12825,25240,11/21/2018,
10590,122660,26500,29500,13640,29460,32700,12110,35360,36160,118500,35760,2460,12100,126667,12500,12250,100000,10400,3780,68333,16000,42800,44500,90000,10260,11560,143333,2250,23340,35860,10740,37660,81450,22900,5200,12763,25200,11/22/2018,
10540,116660,26500,29600,13340,29260,30200,11760,33860,37160,119000,35760,2460,12100,126667,12650,12125,93333,10200,3780,62500,16000,42800,44500,90000,10160,11560,143333,2200,23340,35060,10640,37660,83950,22600,5400,12388,24600,11/23/2018,
10590,118660,26500,29600,13440,29060,30200,12010,33860,36660,119000,34260,2460,12100,126667,12650,12250,93333,10700,3780,63333,16000,42800,44500,90000,10160,11560,143333,2200,23340,35660,10740,37660,83950,22700,5400,12513,25000,11/26/2018,
10540,118660,28000,29600,13340,28660,30200,11860,32860,34660,119000,32760,2460,12100,126667,12600,12250,90000,10400,3780,60000,16000,42800,44500,90000,10160,11560,143333,2200,23040,35660,10640,37660,83950,22600,5200,12575,24800,11/27/2018,
10690,120660,28000,32600,13540,30960,32200,12010,34860,37660,121000,35760,2460,12100,133333,12800,13125,100000,10500,3780,62500,16000,42800,44500,90000,10160,11560,150000,2250,23240,36260,10740,38660,88950,22600,5200,12950,25400,11/28/2018,
10640,125660,26500,28600,13640,30060,34300,12060,34360,37160,119000,34760,2460,12100,126667,12550,12125,100000,10500,3780,71667,16000,42800,44500,90000,10260,11560,143333,2200,23340,38260,10540,40660,82075,23000,5200,12825,25500,11/29/2018,
10590,120660,28000,30100,13240,30060,34200,11760,34860,37660,119000,35260,2460,12100,126667,12650,12250,93333,10900,3780,63333,16000,42800,44500,90000,10160,11560,143333,2180,23440,37560,10840,39660,84575,22100,5200,12638,24900,11/30/2018,
10790,120660,25500,29100,13640,30160,35500,12060,35360,36660,118000,35760,2460,12100,126666.6667,12900,13750,106666.6667,10400,3600,65833.33333,16000,42800,44500,90000,10160,12160,146666.6667,2300,23940,38060,10740,39160,93325,23900,5200,13137.5,25900,12/3/2018,
10590,121660,27500,28100,13340,32360,32500,11660,34360,37160,122500,33760,2460,12100,120000,12600,12125,90000,10400,3200,65000,16000,42800,44500,90000,10260,11560,143333.3333,2200,23940,37560,10040,40160,88325,23000,5400,13012.5,25300,12/4/2018,
10500,115800,26500,27960,13300,31400,29960,11760,32900,32260,123160,32360,2440,11850,120000,12810,13075,106666.6667,10200,3120,64166.66667,15400,42675,44750,85000,9820,12060,146666.6667,2300,24600,37460,9660,40840,90825,22400,5460,13125,26000,12/5/2018,
10450,115800,26500,27260,13300,31400,30460,11810,32300,32660,123660,32660,2440,11850,120000,12860,13075,106666.6667,10100,3120,66666.66667,15400,42675,44750,85000,9820,12060,146666.6667,2300,24600,37060,9760,40840,90825,22400,5460,13062.5,26100,12/6/2018,
10500,114500,25500,28960,13400,30200,29260,11660,30800,33160,123660,31660,2440,11850,120000,12760,12575,106666.6667,10200,3520,71666.66667,15400,42675,44750,85000,9820,12060,146666.6667,2390,25400,36860,9660,40840,90825,22100,5460,12625,26400,12/7/2018,
10500,116800,25500,28860,13400,30500,29960,11860,32300,33660,123660,33160,2440,11850,121666.6667,12760,13200,108333.3333,10500,3920,73333.33333,15400,42675,44750,85000,9820,12060,148333.3333,2340,25400,37460,9760,41340,89575,22400,5460,12625,26100,12/10/2018,
10350,119800,26500,28460,13500,30600,30260,11860,30800,35660,123660,31660,2440,11850,120000,12460,12200,100000,10700,3700,70000,15400,42675,44750,85000,9920,11460,143333.3333,2340,25500,37660,9760,41840,78325,22000,5460,12250,25700,12/11/2018,
10590,120740,26500,29740,13460,31060,30840,11950,31660,36340,123660,32540,2440,11900,120000,12490,12200,100000,10860,3780,73333.33333,15433.33333,42500,44575,84150,9960,11500,143333.3333,2370,25460,37560,9960,40840,80000,22040,5300,12375,25660,12/12/2018,
10540,119740,26500,29340,13460,31360,31840,11950,33660,38840,123660,34040,2440,11900,121666.6667,12540,12450,103333.3333,10860,3780,80000,15433.33333,42500,44575,84150,9960,11500,146666.6667,2370,25260,37360,9960,41340,84375,21940,5300,12375,25660,12/13/2018,
10590,113740,29000,27840,13060,31960,31740,11600,33160,40840,123660,32540,2440,11900,120000,12890,12075,93333.33333,10360,3780,66666.66667,15433.33333,42500,44575,84150,9860,11500,143333.3333,2220,26060,37760,9760,39840,83750,21340,5300,12375,25360,12/14/2018,
10550,114360,28000,28040,13060,30940,32960,11760,33160,43340,123660,33560,2460,12250,120000,12910,12075,91666.66667,10600,3780,60000,15900,42425,44450,85850,9820,11460,143333.3333,2190,26200,37640,9700,39600,83925,21160,5340,12437.5,25040,12/17/2018,
13262.5,110260,26500,28040,13340,30600,32240,11560,34240,41840,123340,34260,2460,12250,120000,12510,12075,93333.33333,10600,3620,63333.33333,16400,42325,44375,87500,9820,11460,143333.3333,2240,26660,39060,9500,38800,83750,21760,5340,12437.5,22560,12/18/2018,
13387.5,110260,26500,28740,13140,31000,31740,11560,37240,42840,123340,34460,2460,12250,120000,12460,12075,93333.33333,10500,3620,60000,16400,42325,44375,87500,9820,11460,143333.3333,2190,26660,39060,9700,38300,83750,21560,5340,12500,22760,12/19/2018,
13250,110600,26500,28160,13140,30460,28440,11560,37100,42200,123340,33160,2460,12100,120000,12360,12075,93333.33333,10500,3620,64166.66667,16400,42325,44375,86650,9820,11460,143333.3333,2340,26600,39060,9740,38800,83750,21300,5340,12500,22760,12/20/2018,
13187.5,109600,26500,28160,13340,30260,27240,11260,37600,42200,123340,33660,2460,12100,120000,12360,11825,93333.33333,10600,3620,63333.33333,16400,42325,44375,86650,9820,11510,143333.3333,2340,26500,38860,9740,37800,86250,21100,5340,12437.5,26300,12/21/2018,
13187.5,114600,26500,27860,13240,30960,27440,11560,43900,43700,122840,34060,2460,12100,121666.6667,12560,12200,95000,10900,3820,66666.66667,16400,42325,44375,86650,9820,11460,145000,2320,26600,39060,9740,39300,83750,21400,5340,12375,25600,12/26/2018,
13250,109800,25500,27260,13560,30740,28440,11600,49440,40560,123660,32800,2460,12100,120000,13060,12825,105000,10000,3600,65000,16400,42450,44375,85850,9960,12100,146666.6667,2340,26740,40200,9700,38800,95000,21900,5340,12700,25200,12/27/2018,
13375,111800,25500,27260,13560,31440,28440,11700,48340,40060,123660,33300,2460,12100,120000,12910,12950,106666.6667,10300,3800,70000,16400,42450,44375,85850,9960,12100,146666.6667,2340,26740,39200,9800,38800,95000,21800,5340,12825,25500,12/28/2018,
13375,111800,25500,27260,13560,31440,28440,11700,48340,40560,123660,32800,2460,12100,120000,12910,12950,105000,10300,3800,70000,16400,42450,44375,85850,9960,12100,146666.6667,2340,26740,39200,9800,38800,95000,21800,5340,12825,25500,12/31/2018,
